{
  "apkFileName": "HaxxCkerPro_v9_64Bit_src.apk",
  "PackageInfo": {
    "forcedPackageId": "127",
    "renameManifestPackage": null
  },
  "doNotCompress": [
    "resources.arsc",
    "assets/dexopt/baseline.prof",
    "assets/dexopt/baseline.profm",
    "png"
  ],
  "compressionType": false,
  "sparseResources": false,
  "version": "2.4.0-250212",
  "sharedLibrary": false,
  "VersionInfo": {
    "versionName": "v9",
    "versionCode": "10"
  },
  "UsesFramework": {
    "ids": [1],
    "tag": null
  },
  "unknownFiles": {
    "META-INF/androidx.preference_preference.version": "0",
    "res/layout/arm_video.xml": "8",
    "META-INF/kotlinx_coroutines_core.version": "0",
    "META-INF/androidx.window_window.version": "0",
    "META-INF/androidx.localbroadcastmanager_localbroadcastmanager.version": "0",
    "META-INF/androidx.savedstate_savedstate-ktx.version": "0",
    "META-INF/androidx.lifecycle_lifecycle-livedata-core.version": "8",
    "META-INF/androidx.profileinstaller_profileinstaller.version": "0",
    "META-INF/androidx.lifecycle_lifecycle-viewmodel-savedstate.version": "8",
    "META-INF/androidx.transition_transition.version": "0",
    "META-INF/androidx.appcompat_appcompat.version": "0",
    "META-INF/androidx.cursoradapter_cursoradapter.version": "0",
    "META-INF/androidx.databinding_viewbinding.version": "0",
    "okhttp3/internal/publicsuffix/NOTICE": "8",
    "META-INF/androidx.annotation_annotation-experimental.version": "0",
    "META-INF/androidx.drawerlayout_drawerlayout.version": "0",
    "META-INF/androidx.print_print.version": "0",
    "res/drawable/arm_default_gif.gif": "8",
    "DebugProbesKt.bin": "8",
    "META-INF/androidx.versionedparcelable_versionedparcelable.version": "0",
    "META-INF/androidx.savedstate_savedstate.version": "0",
    "META-INF/androidx.interpolator_interpolator.version": "0",
    "META-INF/androidx.activity_activity-ktx.version": "0",
    "META-INF/androidx.fragment_fragment.version": "0",
    "META-INF/androidx.lifecycle_lifecycle-process.version": "8",
    "META-INF/androidx.activity_activity.version": "0",
    "META-INF/androidx.customview_customview.version": "0",
    "META-INF/androidx.lifecycle_lifecycle-livedata-core-ktx.version": "8",
    "META-INF/kotlinx_coroutines_android.version": "0",
    "res/layout/arm_bilibili.xml": "8",
    "META-INF/androidx.documentfile_documentfile.version": "0",
    "res/layout/arm_ios.xml": "8",
    "res/layout/arm_gif.xml": "8",
    "META-INF/com/android/build/gradle/app-metadata.properties": "8",
    "META-INF/androidx.legacy_legacy-support-core-utils.version": "0",
    "META-INF/androidx.vectordrawable_vectordrawable.version": "0",
    "META-INF/androidx.loader_loader.version": "0",
    "META-INF/androidx.lifecycle_lifecycle-livedata.version": "8",
    "META-INF/androidx.fragment_fragment-ktx.version": "0",
    "META-INF/androidx.lifecycle_lifecycle-runtime.version": "8",
    "META-INF/androidx.appcompat_appcompat-resources.version": "0",
    "META-INF/androidx.core_core-ktx.version": "0",
    "META-INF/androidx.viewpager_viewpager.version": "0",
    "META-INF/androidx.lifecycle_lifecycle-viewmodel.version": "8",
    "META-INF/androidx.emoji2_emoji2-views-helper.version": "0",
    "META-INF/androidx.recyclerview_recyclerview.version": "0",
    "META-INF/androidx.core_core.version": "0",
    "META-INF/androidx.arch.core_core-runtime.version": "8",
    "META-INF/androidx.tracing_tracing.version": "0",
    "META-INF/androidx.emoji2_emoji2.version": "0",
    "META-INF/androidx.slidingpanelayout_slidingpanelayout.version": "0",
    "META-INF/androidx.vectordrawable_vectordrawable-animated.version": "0",
    "META-INF/androidx.lifecycle_lifecycle-runtime-ktx.version": "8",
    "META-INF/androidx.lifecycle_lifecycle-viewmodel-ktx.version": "8",
    "META-INF/androidx.cardview_cardview.version": "0",
    "META-INF/androidx.preference_preference-ktx.version": "0",
    "META-INF/androidx.startup_startup-runtime.version": "0",
    "META-INF/androidx.coordinatorlayout_coordinatorlayout.version": "0",
    "META-INF/androidx.dynamicanimation_dynamicanimation.version": "0",
    "META-INF/androidx.viewpager2_viewpager2.version": "0",
    "kotlin-tooling-metadata.json": "8",
    "res/drawable/bilibili.png": "8",
    "okhttp3/internal/publicsuffix/publicsuffixes.gz": "0",
    "res/layout/arm_wave.xml": "8",
    "META-INF/com.google.android.material_material.version": "0"
  },
  "apkFilePath": "/storage/emulated/0/HaxxCkerPro_v9_64Bit.apk",
  "compactEntries": false,
  "isFrameworkApk": false,
  "sdkInfo": {
    "minSdkVersion": "22",
    "targetSdkVersion": "34"
  }
}